codon,anticodon,AA,Type
UCU,AGA,Ser,Cognate
UCA,UGA,Ser,Cognate
UCG,CGA,Ser,Cognate
AGC,GCU,Ser,Cognate
AGU,GCU,Ser,Cognate
UCC,AGA,Ser,Cognate
CGU,ACG,Arg,Cognate
CGA,UCG,Arg,Cognate
CGG,CCG,Arg,Cognate
AGA,UCU,Arg,Cognate
AGG,CCU,Arg,Cognate
CGC,ACG,Arg,Cognate
CUU,AAG,Leu,Cognate
CUA,UAG,Leu,Cognate
CUG,CAG,Leu,Cognate
UUA,UAA,Leu,Cognate
UUG,CAA,Leu,Cognate
CUC,AAG,Leu,Cognate
GCU,AGC,Ala,Cognate
GCA,UGC,Ala,Cognate
GCG,CGC,Ala,Cognate
GCC,AGC,Ala,Cognate
CCU,AGG,Pro,Cognate
CCA,UGG,Pro,Cognate
CCG,CGG,Pro,Cognate
CCC,AGG,Pro,Cognate
GUU,AAC,Val,Cognate
GUA,UAC,Val,Cognate
GUG,CAC,Val,Cognate
GUC,AAC,Val,Cognate
ACU,AGU,Thr,Cognate
ACA,UGU,Thr,Cognate
ACG,CGU,Thr,Cognate
ACC,AGU,Thr,Cognate
GGC,GCC,Gly,Cognate
GGA,UCC,Gly,Cognate
GGG,CCC,Gly,Cognate
GGU,GCC,Gly,Cognate
AUU,AAU,Ile,Cognate
AUC,GAU,Ile,Cognate
AUA,UAU,Ile,Cognate
UUC,GAA,Phe,Cognate
UUU,GAA,Phe,Cognate
AAC,GUU,Asn,Cognate
AAU,GUU,Asn,Cognate
CAC,GUG,His,Cognate
CAU,GUG,His,Cognate
GAC,GUC,Asp,Cognate
GAU,GUC,Asp,Cognate
UAC,GUA,Tyr,Cognate
UAU,GUA,Tyr,Cognate
UGC,GCA,Cys,Cognate
UGU,GCA,Cys,Cognate
GAA,UUC,Glu,Cognate
GAG,CUC,Glu,Cognate
CAA,UUC,Gln,Cognate
CAG,CUG,Gln,Cognate
AAA,UUU,Lys,Cognate
AAG,CUU,Lys,Cognate
UGG,CCA,Trp,Cognate
AUG,CAU,Met,Cognate
UCG,UGA,Ser,Non-cognate
AGA,UCA,Ser,Non-cognate
CGG,UCG,Arg,Non-cognate
AGG,UCU,Arg,Non-cognate
CGA,ACG,Arg,Non-cognate
CUG,UAG,Leu,Non-cognate
UUG,UAA,Leu,Non-cognate
CUA,AAG,Leu,Non-cognate
GCG,UGC,Ala,Non-cognate
GCA,AGC,Ala,Non-cognate
CCG,UGG,Pro,Non-cognate
CCA,AGG,Pro,Non-cognate
GUG,UAC,Val,Non-cognate
GUA,AAC,Val,Non-cognate
ACG,UGU,Thr,Non-cognate
ACA,AGU,Thr,Non-cognate
GGG,UCC,Gly,Non-cognate
AUA,AAU,Ile,Non-cognate
GAG,UUC,Glu,Non-cognate
CAG,UUG,Gln,Non-cognate
AAG,UUU,Lys,Non-cognate
