codon,AA,Symbol,Properties
UCU,Ser,S,Polar
UCA,Ser,S,Polar
UCG,Ser,S,Polar
AGC,Ser,S,Polar
AGU,Ser,S,Polar
UCC,Ser,S,Polar
CGU,Arg,R,Positive
CGA,Arg,R,Positive
CGG,Arg,R,Positive
AGA,Arg,R,Positive
AGG,Arg,R,Positive
CGC,Arg,R,Positive
CUU,Leu,L,Hydrophobic
CUA,Leu,L,Hydrophobic
CUG,Leu,L,Hydrophobic
UUA,Leu,L,Hydrophobic
UUG,Leu,L,Hydrophobic
CUC,Leu,L,Hydrophobic
GCU,Ala,A,Hydrophobic
GCA,Ala,A,Hydrophobic
GCG,Ala,A,Hydrophobic
GCC,Ala,A,Hydrophobic
CCU,Pro,P,Special
CCA,Pro,P,Special
CCG,Pro,P,Special
CCC,Pro,P,Special
GUU,Val,V,Hydrophobic
GUA,Val,V,Hydrophobic
GUG,Val,V,Hydrophobic
GUC,Val,V,Hydrophobic
ACU,Thr,T,Polar
ACA,Thr,T,Polar
ACG,Thr,T,Polar
ACC,Thr,T,Polar
GGC,Gly,G,Special
GGA,Gly,G,Special
GGG,Gly,G,Special
GGU,Gly,G,Special
AUU,Ile,I,Hydrophobic
AUC,Ile,I,Hydrophobic
AUA,Ile,I,Hydrophobic
UUC,Phe,F,Hydrophobic
UUU,Phe,F,Hydrophobic
AAC,Asn,N,Polar
AAU,Asn,N,Polar
CAC,His,H,Positive
CAU,His,H,Positive
GAC,Asp,D,Negative
GAU,Asp,D,Negative
UAC,Tyr,Y,Hydrophobic
UAU,Tyr,Y,Hydrophobic
UGC,Cys,C,Special
UGU,Cys,C,Special
GAA,Glu,E,Negative
GAG,Glu,E,Negative
CAA,Gln,Q,Polar
CAG,Gln,Q,Polar
AAA,Lys,K,Positive
AAG,Lys,K,Positive
UGG,Trp,W,Hydrophobic
AUG,Met,M,Hydrophobic
